"Brian Oh","2016-08-09 21:42:40 -0400","Final Version"
"Brian Oh","2016-08-09 21:42:04 -0400","Final version v.06 (fixed previous edit errors)"
"Brian Oh","2016-08-09 21:30:58 -0400","Merge branch 'master' of https://github.com/UPOD-2016/upod_docs"
"Brian Oh","2016-08-09 21:30:23 -0400","Updated SQA logs"
"Derek Cruise","2016-08-09 19:31:55 -0400","Fixed date inconsistency"
"Derek Cruise","2016-08-09 19:24:06 -0400","SQA revisions"
"Derek Cruise","2016-08-09 19:06:46 -0400","standardized dates to MM/DD/YY"
"Derek Cruise","2016-08-09 19:01:33 -0400","Fixed version number and date"
"Derek Cruise","2016-08-09 18:51:28 -0400","Made SQA changes"
"DDrant717","2016-08-09 18:49:43 -0400","Add files via upload"
"Ryan","2016-08-09 18:45:49 -0400","Fixed Link Issue"
"Ryan","2016-08-09 18:37:20 -0400","Renamed Diagram"
"Ryan","2016-08-09 18:35:00 -0400","Changed Use Case Diagram"
"Brian Oh","2016-08-09 17:46:45 -0400","Updated Analysis Documents v0.2"
"Ryan","2016-08-09 17:40:47 -0400","Clarified a few topics"
"QamarFarooq","2016-08-09 14:14:30 -0400","fixed"
"QamarFarooq","2016-08-09 14:10:46 -0400","Fixed something"
"QamarFarooq","2016-08-09 14:02:28 -0400","I worked on this for many hours but it was scrapped for other enhancements"
"giacrom","2016-08-08 23:07:19 -0400","reset button complete, diagram complete"
"Pillip Lee","2016-08-08 22:46:10 -0400","Update team-info.txt"
"Pillip Lee","2016-08-08 22:36:26 -0400","Modular Version"
"Pillip Lee","2016-08-08 22:32:03 -0400","Add files via upload"
"wu wen","2016-08-08 17:35:36 -0400","Update equalarea.html"
"wu wen","2016-08-08 17:33:41 -0400","Update readme.txt"
"wu wen","2016-08-08 17:33:20 -0400","Create equalarea.js"
"wu wen","2016-08-08 17:32:52 -0400","Create equalarea.html"
"TheCocoManEd","2016-08-08 17:04:22 -0400","Add files via upload"
"Ensieh Mollazadeh","2016-08-08 15:44:52 -0400","Smaller version of concave mirror"
"giacrom","2016-08-08 01:10:35 -0400","Fix collision correctness and button"
"wu wen","2016-08-07 21:33:57 -0400","Create Methods of Inducing Electric Charge"
"Ryan Mak","2016-08-07 14:52:04 -0400","Minor file edits"
"Ryan Mak","2016-08-07 14:04:07 -0400","Minor Text Fixes"
"gstarmvp","2016-08-06 04:58:41 -0400","minify the css sheet"
"swar8080","2016-08-05 14:47:39 -0400","Merge branch 'master' of https://github.com/UPOD-2016/UPOD"
"swar8080","2016-08-05 14:47:21 -0400","article class diagram png upload"
"Joseph","2016-08-05 14:20:32 -0400","Remove the onload call to the animate function from the velocity and acceleration diagram"
"wu wen","2016-08-05 11:37:53 -0400","Update magnetic.html"
"wu wen","2016-08-05 11:36:38 -0400","Update spring.html"
"wu wen","2016-08-05 11:35:44 -0400","Update induction.html"
"wu wen","2016-08-05 11:34:05 -0400","Update contact.html"
"wu wen","2016-08-05 11:33:29 -0400","Update contact.html"
"wu wen","2016-08-05 11:32:43 -0400","Update Friction.html"
"swar8080","2016-08-05 01:02:02 -0400","updated Article class diagram"
"giacrom","2016-08-04 00:03:45 -0400","Update readme.txt"
"giacrom","2016-08-04 00:03:18 -0400","Update elastic_collision.html"
"giacrom","2016-08-04 00:02:46 -0400","Update elastic_collision.js"
"Joseph","2016-08-03 18:38:03 -0400","Combine the css, javascript and svg into one html file for each of the four diagrams in order to integrate them into the UPOD website"
"viss3240","2016-08-03 16:32:03 -0400","Alter projectile motion diagram to fit the 1000 x 1000 demension limit for articles"
"wu wen","2016-08-02 22:21:15 -0400","Update readme.txt"
"wu wen","2016-08-02 22:20:51 -0400","Create magnetic.js"
"wu wen","2016-08-02 22:15:48 -0400","Create magnetic.html"
"chan6240","2016-08-02 21:27:50 -0400","Added additional graphics requirements defects"
"rmoro","2016-08-02 02:41:07 -0400","individual reports for each major section of the code"
"rmoro","2016-08-02 02:34:49 -0400","Merge branch 'master' of https://github.com/UPOD-2016/UPOD_DOCS"
"rmoro","2016-08-02 02:34:41 -0400","Style Guide Report for current UPOD"
"WALLISE WU","2016-07-31 22:12:45 -0400","completed SQA on fundamentals physics research"
"WALLISE WU","2016-07-31 21:49:22 -0400","final copy"
"giacrom","2016-07-31 15:59:45 -0400","Update elastic_collision.svg"
"rmoro","2016-07-30 19:11:51 -0400","added a security report which has suggestions to change code that contains known vulnerabilities"
"Muttahir Zia","2016-07-30 10:14:27 -0400","Added initial SQA review of website"
"wu wen","2016-07-29 19:31:29 -0400","Create readme.txt"
"wu wen","2016-07-29 18:43:26 -0400","Update Diagrams.csv"
"wu wen","2016-07-29 18:36:30 -0400","Update readme.txt"
"wu wen","2016-07-29 18:35:04 -0400","Create induction.js"
"wu wen","2016-07-29 18:32:29 -0400","Create induction.html"
"Mike Roher","2016-07-29 17:27:44 +0000","update readme"
"Mike Roher","2016-07-29 17:09:28 +0000","DELETED RAILS APP FROM THIS REPO - PLEASE USE NEW REPO"
"Mike Roher","2016-07-29 15:42:13 +0000","initial deployment started"
"swar8080","2016-07-29 01:08:37 -0400","Merge branch 'master' of https://github.com/UPOD-2016/UPOD"
"swar8080","2016-07-29 01:08:18 -0400","added a custom text block for including inline equations, started working on a how-to guide for article editor page, fixed bug causing other blocks to not render following a link block"
"stevenlusonggao","2016-07-28 22:26:26 -0400","Minor Tweaks for Hooke's & Reflection Animations"
"romanlipisiy","2016-07-28 21:58:43 -0400","Update Diagrams.csv"
"Roman Lipisiy","2016-07-28 21:57:11 -0400","complete uniform circular motion svg diagram"
"Omid","2016-07-28 18:50:02 -0400","was missing a </div> causing purple background"
"Mike Roher","2016-07-28 21:53:49 +0000","CSS Styling Caused Form Error"
"wu wen","2016-07-28 16:18:15 -0400","Update readme.txt"
"wu wen","2016-07-28 16:17:09 -0400","Create contact.html"
"wu wen","2016-07-28 16:16:10 -0400","Create Contact.js"
"giacrom","2016-07-28 14:41:38 -0400","Update readme.txt"
"giacrom","2016-07-28 14:39:39 -0400","Update elastic_collision.js"
"giacrom","2016-07-28 14:36:48 -0400","Update elastic_collision.svg"
"Ensieh Mollazadeh","2016-07-28 14:26:30 -0400","has added some details to concave mirror"
"Ensieh Mollazadeh","2016-07-28 14:22:26 -0400","has corrected the dragging issue on convex mirror"
"rmoro","2016-07-28 03:36:23 -0400","merge accident"
"rmoro","2016-07-28 03:34:50 -0400","fix merge conflict"
"rmoro","2016-07-28 03:31:29 -0400","made sure the drop down remembers the filter selected.  Added some more filter logic as well."
"Mike Roher","2016-07-28 07:30:11 +0000","Resolve merge conflict"
"Mike Roher","2016-07-28 07:24:13 +0000","Added Title Helper Method, Fixed JS and Started Preparing For Production"
"rmoro","2016-07-28 03:19:25 -0400","added logic to show search results if there is a query.  Filter still needs some work"
"rmoro","2016-07-28 02:40:15 -0400","missed a comma"
"rmoro","2016-07-28 02:06:40 -0400","added logic for search filtration"
"rmoro","2016-07-28 01:51:15 -0400","final change takes care of distortion on mobile (small) screens"
"rmoro","2016-07-28 01:43:47 -0400","old script was left in from testing... removed"
"rmoro","2016-07-28 01:41:31 -0400","changed hackish approach to make sure footer is at bottom of each page even if page has no cotent"
"rmoro","2016-07-28 00:52:37 -0400","made sure static footer is at the bottom of each page"
"rmoro","2016-07-28 00:45:17 -0400","Legal info taking up far to much room.  I changed the footer away from being fixed to fix this issue.  I don't think we are in danger of breaking the law so bad that we must constantly remind users of our legal policy."
"rmoro","2016-07-27 23:32:13 -0400","changed from ` (function($, window){` to `  $(function($, window){` becuase the $ means it waits for the page to load (or in js `$(document).ready(){` )"
"rmoro","2016-07-27 23:08:31 -0400","Merge branch 'master' of https://github.com/UPOD-2016/UPOD"
"rmoro","2016-07-27 23:08:23 -0400","moved the script to only be in one file"
"kcolletripp","2016-07-27 22:45:06 -0400","redid fixed footer, needs a sticky footer"
"Omid","2016-07-27 22:12:56 -0400","made the categories button resizable by text length"
"kcolletripp","2016-07-27 21:28:52 -0400","Merge branch 'master' of https://github.com/UPOD-2016/UPOD"
"kcolletripp","2016-07-27 21:28:37 -0400","added legal info"
"Omid","2016-07-27 21:24:00 -0400","Added some space between the elements"
"rmoro","2016-07-27 21:04:00 -0400","fixed the sizing of the select_tag element"
"Omid","2016-07-27 20:44:59 -0400","Made the categories index page look similar to the homepage, fixed the categories page added the subcategories links in it and styled it abit. made the sign in, sign out, forgot password,resend confirmation pages look less ugly, fixed the issue of the header with mobile browsers (where the header would not collapse). Articles would not show up in their respective subcategories, now they do."
"viss3240","2016-07-27 14:38:34 -0400","Add documentation for ProjectileMotion and VectorMath SVG diagrams"
"viss3240","2016-07-27 12:43:52 -0400","Update readme.txt"
"Roman Lipisiy","2016-07-26 22:42:00 -0400","fix animation"
"Jimmyqlx","2016-07-26 16:29:44 -0400","pagerank algorithm in ruby"
"Roman Lipisiy","2016-07-26 15:12:12 -0400","Create circular motion svg"
"josephvannelli","2016-07-26 13:36:41 -0400","Update Diagrams.csv"
"Joseph","2016-07-26 13:31:27 -0400","Create the distance vs. displacement diagram"
"Mike Roher","2016-07-26 03:03:30 -0400","Update update_stats.sh"
"Mike Roher","2016-07-26 05:47:00 +0000","Merge branch 'master' of github.com:UPOD-2016/UPOD"
"Mike Roher","2016-07-26 05:46:45 +0000","Added ability to edit images in posts and made alerts/notices look nicer"
"Kieran O'Driscoll","2016-07-26 05:34:59 +0000","Minor changes to dashboards"
"Kieran O'Driscoll","2016-07-26 05:24:06 +0000","Minor fixes to dashboards"
"Kieran O'Driscoll","2016-07-26 05:18:55 +0000","Dashboard improvements"
"Omid","2016-07-26 01:02:27 -0400","Formatted the article page a little bit."
"Kieran O'Driscoll","2016-07-26 04:57:51 +0000","Clean up admin panel, hide unnessecary dashboards"
"Kieran O'Driscoll","2016-07-26 04:00:28 +0000","Merge branch 'master' of https://github.com/UPOD-2016/UPOD"
"Kieran O'Driscoll","2016-07-26 04:00:02 +0000","undoing changes didnt work as expected"
"Omid","2016-07-25 23:54:51 -0400","Included a table-like structure for the articles index page. Fixed the header. Fixed the thumbnails and captions on homepage and made the search by category button visible."
"Kieran O'Driscoll","2016-07-26 03:46:56 +0000","Restrict routing on admin panel"
"Kieran O'Driscoll","2016-07-26 03:43:33 +0000","fix validations, remove unneeded validations"
"Kieran O'Driscoll","2016-07-26 03:23:54 +0000","fix admin panel error and spelling mistake"
"Kieran O'Driscoll","2016-07-26 03:16:34 +0000","Add author statements and new validations"
"Mike Roher","2016-07-26 00:11:40 +0000","Changed Rails ERD Diagram Maker"
"Mike Roher","2016-07-26 00:09:13 +0000","Removing Unused Models, Tests, and Admin Dashboards"
"Kieran O'Driscoll","2016-07-25 19:12:43 +0000","Friendly URLs for categories and subcategories"
"giacrom","2016-07-25 15:11:35 -0400","Update elastic_collision.js"
"giacrom","2016-07-25 15:10:55 -0400","Create elastic_collision.svg"
"josephvannelli","2016-07-25 14:29:00 -0400","Create readme.txt"
"josephvannelli","2016-07-25 14:25:46 -0400","Update Diagrams.csv"
"josephvannelli","2016-07-25 14:07:12 -0400","Update Diagrams.csv"
"Joseph","2016-07-25 14:04:43 -0400","Add a description about the velocity and acceleration for each of the cars"
"stevenlusonggao","2016-07-25 13:55:11 -0400","Hooke's Law Animation Minor Fixes and Additions"
"kcolletripp","2016-07-25 16:30:23 +0000","fixed header a bit, caret still out of place"
"Senorjiang","2016-07-25 10:53:44 -0400","PNGs fixed"
"Senorjiang","2016-07-25 10:47:54 -0400","Misplaced file removed"
"Senorjiang","2016-07-25 10:47:25 -0400","Files moved to proper folders, pngs updated"
"Clive Shen","2016-07-25 10:33:32 -0400","Minor edits"
"Anderszz","2016-07-25 00:17:24 -0400","SQA entire document"
"Anderszz","2016-07-24 23:57:41 -0400","SQA entire document"
"Anderszz","2016-07-24 23:32:18 -0400","Re-uploaded version 0.7 Physics RD"
"Anderszz","2016-07-24 23:30:20 -0400","Old updated record deleted - Re-uploaded"
"Anderszz","2016-07-24 23:27:35 -0400","SQA entire document"
"Anderszz","2016-07-24 23:03:49 -0400","SQA the entire document for any errors"
"Clive Shen","2016-07-24 22:42:32 -0400","Updated back end requirements revision history"
"Joseph","2016-07-24 18:08:12 -0400","Animate the other two cars, animate a light to start the race and add buttons to start and reset the animation of the cars"
"swar8080","2016-07-24 16:48:14 -0400","equation and diagram blocks are now editable in /article/edit"
"Mike Roher","2016-07-24 20:16:03 +0000","General Code Improvements Everywhere"
"Mike Roher","2016-07-24 19:26:32 +0000","fixed merge conflict in header"
"swar8080","2016-07-24 12:35:51 -0400","added as_json methods for article_blocks"
"rmoro","2016-07-23 22:46:51 -0400","changed from create(..) to create!(..) to generate stack trace on error to help mitigate issues with ImageMagick"
"Brian Oh","2016-07-23 22:09:45 -0400","Added SQA logs"
"Brian Oh","2016-07-23 19:42:05 -0400","Final revisions completed"
"Senorjiang","2016-07-23 17:24:32 -0400","Diagrams updated and pngs added"
"Senorjiang","2016-07-23 17:19:15 -0400","Titles Updated"
"Senorjiang","2016-07-23 16:41:37 -0400","Control objects fixed for articles and main page"
"Student","2016-07-23 16:01:54 -0400","Edit of SQA table, begin logging"
"swar8080","2016-07-23 15:12:26 -0400","Merge branch 'master' of https://github.com/UPOD-2016/UPOD"
"swar8080","2016-07-23 15:12:03 -0400","minor changes to boundary, control, entity diagram"
"Jimmyqlx","2016-07-23 13:18:54 -0400","revised the diagram of search"
"swar8080","2016-07-23 12:10:41 -0400","minor changes to boundary, control, entity diagram"
"Omid","2016-07-23 10:54:44 -0400","Missed a tag"
"Omid","2016-07-23 10:49:53 -0400","Fixed the select button on search bar to be able to pick different categories."
"Senorjiang","2016-07-22 22:00:09 -0400","JPEG files saved"
"Senorjiang","2016-07-22 21:59:34 -0400","Boundary-Control-Entity edits made"
"swar8080","2016-07-22 17:15:57 -0400","minor changes to equation block"
"kcolletripp","2016-07-22 16:09:12 -0400","fixed header, now properly links to everything"
"kcolletripp","2016-07-22 15:56:33 -0400","added some actual content in header, did an ad-hoc merge with search changes"
"Ensieh Mollazadeh","2016-07-22 14:33:36 -0400","has solved the dragging issue in converging lense"
"Ensieh Mollazadeh","2016-07-22 14:19:41 -0400"," has solved the dragging issue on diverging lense"
"Ensieh Mollazadeh","2016-07-22 14:15:46 -0400","The dragging issue has been corrected on concave mirror"
"Omid","2016-07-22 07:56:41 -0400","Added a dropdown option for the search bar on the header and homepage"
"Mike Roher","2016-07-21 23:47:08 -0400","Update seeds.rb"
"Senorjiang","2016-07-21 20:23:33 -0400","Edits made to Entity-Boundary-Control Diagrams"
"Senorjiang","2016-07-21 19:59:30 -0400","Edits to diagrams"
"SenorJiang","2016-07-21 19:25:57 -0400","Created separate Entity-Boundary-Control diagrams"
"josephvannelli","2016-07-21 17:23:18 -0400","Update Diagrams.csv"
"Joseph","2016-07-21 17:20:22 -0400","Add 3 cars to the diagram and animate the movement of the first car"
"viss3240","2016-07-21 16:41:33 -0400","Merge branch 'master' of https://github.com/UPOD-2016/UPOD"
"viss3240","2016-07-21 16:39:03 -0400","Vector math diagram basic implimentation"
"kcolletripp","2016-07-21 20:27:44 +0000","added placeholder megamenu"
"viss3240","2016-07-21 13:25:35 -0400","projectile motion diagram complete with animation"
"Mike Roher","2016-07-21 16:49:11 +0000","accidentally delted the contirubtions association on user. adding it back"
"Mike Roher","2016-07-21 16:47:26 +0000","Merging with Kieran"
"Mike Roher","2016-07-21 16:46:31 +0000","Merge branch 'master' of github.com:UPOD-2016/UPOD into no-ldap-user-flow"
"Mike Roher","2016-07-21 16:44:05 +0000","Removed LDAP"
"wu wen","2016-07-21 00:34:16 -0400","Create readme.txt"
"wu wen","2016-07-21 00:32:53 -0400","Create readme.txt"
"wu wen","2016-07-21 00:30:06 -0400","Create readme.txt"
"wu wen","2016-07-21 00:29:10 -0400","Create Friction.js"
"wu wen","2016-07-21 00:28:04 -0400","Create Friction.html"
"Kieran O'Driscoll","2016-07-21 04:24:12 +0000","Update slug method not needed, taken care of by friendlyID"
"Kieran O'Driscoll","2016-07-21 04:14:55 +0000","Create update slug method for friendly urls"
"Kieran O'Driscoll","2016-07-21 03:36:09 +0000","Install and config friendly urls"
"wu wen","2016-07-20 22:28:11 -0400","Update Diagrams.csv"
"wu wen","2016-07-20 22:26:14 -0400","Update Diagrams.csv"
"Kieran O'Driscoll","2016-07-21 02:13:24 +0000"," Merge branch 'master' of https://github.com/UPOD-2016/UPOD"
"Kieran O'Driscoll","2016-07-21 02:13:19 +0000","Add dashboard for equation block variable"
"chan6240","2016-07-21 02:07:55 +0000","Removed invalid db migration"
"Kieran O'Driscoll","2016-07-21 01:55:16 +0000","rewrote seed to contain proper subcategories and fix equation variables"
"Kieran O'Driscoll","2016-07-21 01:51:57 +0000","Revert "Rewrite seed to include categories, all subcategories, Fix equation variables in seed, etc""
"Kieran O'Driscoll","2016-07-21 01:43:04 +0000","Rewrite seed to include categories, all subcategories, Fix equation variables in seed, etc"
"JeffChung2","2016-07-20 20:26:36 -0400","move file"
"giacrom","2016-07-20 18:52:20 -0400","Create style.css"
"swar8080","2016-07-19 17:10:30 -0400","equation variables now created in sir trevor module"
"rmoro","2016-07-19 17:05:39 -0400","changed suggestions around a bit"
"rmoro","2016-07-19 16:57:47 -0400","fixed search to include body and labels"
"swar8080","2016-07-19 16:15:48 -0400","fixing previous commit"
"swar8080","2016-07-19 15:04:37 -0400","added variable labels to equation blocks so writers can describe equations in more detail"
"swar8080","2016-07-19 14:59:15 -0400","added variable labels to equation blocks so writers can describe equations in more detail"
"giacrom","2016-07-19 14:47:35 -0400","Add files via upload"
"kcolletripp","2016-07-19 14:15:17 -0400","as per michael's suggestion, fixes reseeding"
"rmoro","2016-07-19 10:13:01 -0400","Merge branch 'master' of https://github.com/UPOD-2016/UPOD"
"rmoro","2016-07-19 10:12:06 -0400","unneeded method"
"Robert Morouney","2016-07-19 10:08:18 -0400","Update database.yml"
"rmoro","2016-07-19 09:42:34 -0400","Revert "playing with active record and changed seed file for images""
"rmoro","2016-07-18 23:47:59 -0400","playing with active record and changed seed file for images"
"rmoro","2016-07-18 22:24:33 -0400","see last commit"
"rmoro","2016-07-18 22:23:23 -0400","Removed ldap"
"rmoro","2016-07-18 22:22:32 -0400","removed ldap"
"rmoro","2016-07-18 22:20:53 -0400","added some authentication filters..."
"Mike Roher","2016-07-19 02:03:52 +0000","Fixing merge conflict"
"Mike Roher","2016-07-19 02:00:12 +0000","Image Upload Is Now Working!"
"rmoro","2016-07-18 21:22:04 -0400","Merge branch 'master' of https://github.com/UPOD-2016/UPOD"
"romanlipisiy","2016-07-18 19:35:42 -0400","Update Diagram.csv"
"Roman Lipisiy","2016-07-18 19:25:39 -0400","Made a mistake uploaded wrong file"
"Roman Lipisiy","2016-07-18 18:57:49 -0400","fix Jordans diagrams"
"Eric Jiang","2016-07-18 15:50:24 -0400","Fixed error"
"Eric Jiang","2016-07-18 15:36:47 -0400","MathJax formulas added"
"swar8080","2016-07-18 12:28:34 -0400","added browser support check for sandboxed iframes"
"Joseph","2016-07-18 11:14:30 -0400","Change the click and drag area for the bow diagram so that it is more user friendly"
"Mike Roher","2016-07-18 15:05:07 +0000","Added Ability To Edit Articles Edit is now working. Currently only works with text blocks but will be integrated with more blocks shortly."
"viss3240","2016-07-18 09:33:39 -0400","add new vector math diagram"
"Brian Oh","2016-07-18 03:14:13 -0400","Final revisions complete."
"Brian Oh","2016-07-18 03:07:48 -0400","Final revisions completed."
"gstarmvp","2016-07-18 01:25:23 -0400","changes on slide menu"
"chan6240","2016-07-18 00:00:12 +0000","Changed article image seed to 400x400"
"chan6240","2016-07-17 23:58:49 +0000","Merge branch 'master' of github.com:UPOD-2016/UPOD"
"chan6240","2016-07-17 23:58:28 +0000","Changed seed image to another host"
"giacrom","2016-07-17 19:52:17 -0400","Update elastic_collision.html"
"giacrom","2016-07-17 19:50:22 -0400","Create elastic_collision.js"
"wuxx4780","2016-07-17 18:18:50 -0400","Updated the Modular document to fix some changes on Fundamentals II Research"
"wu wen","2016-07-17 17:54:40 -0400","Create readme.txt"
"josephvannelli","2016-07-17 17:35:29 -0400","Create readme.txt"
"josephvannelli","2016-07-17 17:28:59 -0400","Update Diagrams.csv"
"rmoro","2016-07-17 16:26:02 -0400","formatting.. (-3-)"
"Robert Morouney","2016-07-17 16:22:18 -0400","Create database.yml"
"kcolletripp","2016-07-17 16:19:38 -0400","fixed syntax"
"kcolletripp","2016-07-17 16:12:45 -0400","added requirements"
"Omid","2016-07-17 16:07:26 -0400","Merge branch 'master' of https://github.com/UPOD-2016/UPOD"
"kcolletripp","2016-07-17 16:07:09 -0400","todo for me and Omid"
"Omid","2016-07-17 16:06:12 -0400","changes the subcategory looks"
"Joseph","2016-07-17 15:44:37 -0400","Add the ability to click and drag the bow"
"stevenlusonggao","2016-07-17 09:37:16 -0400","Law of Reflection Animation"
"stevenlusonggao","2016-07-17 09:18:58 -0400","Added Lables to Hooke's Law Animation"
"chan6240","2016-07-17 05:47:57 +0000","Change Image administrate dashboard to display attached image but I think the image controller has not been working properly at all, to be looked at"
"rmoro","2016-07-16 22:46:02 -0400","..."
"rmoro","2016-07-16 22:44:40 -0400","cant make it work"
"Robert Morouney","2016-07-16 22:37:54 -0400","Update database.yml"
"rmoro","2016-07-16 22:32:09 -0400","ç”»è›‡æ·»è¶³"
"rmoro","2016-07-16 22:28:04 -0400","å¼¹æœðŸ’£"
"swar8080","2016-07-16 22:23:58 -0400","added a diagram block prototype and partial for rendering it in a sandboxed iframe"
"rmoro","2016-07-16 18:22:04 -0400","I was editing the wrong gitignore >_<!!!!"
"Franco Wong","2016-07-16 21:08:32 +0000","removed unnecessary tags"
"Mike Roher","2016-07-16 20:59:29 +0000","Revert "removed unnecessary tags""
"Mike Roher","2016-07-16 20:52:27 +0000","removed unnecessary tags"
"WALLISE WU","2016-07-16 16:42:11 -0400","UML updated"
"WALLISE WU","2016-07-16 16:39:31 -0400","updated back-end UML diagrams"
"franco-wong","2016-07-16 16:36:43 -0400","Removed unnecessary tags for subcategory page"
"WALLISE WU","2016-07-16 16:07:13 -0400","Updated UML diagram for Users module"
"Mike Roher","2016-07-16 17:56:59 +0000","added comments to metadata injection"
"Mike Roher","2016-07-16 17:47:46 +0000","Merge branch 'master' of github.com:UPOD-2016/UPOD"
"Mike Roher","2016-07-16 17:43:41 +0000","Article Titles And Subcategories Working"
"stevenlusonggao","2016-07-15 22:49:01 -0400","Update Diagrams.csv"
"Steven Gao","2016-07-15 22:18:17 -0400","Hookes Law Animation"
"Mike Roher","2016-07-16 02:01:15 +0000","Merge branch 'master' of github.com:UPOD-2016/UPOD"
"Mike Roher","2016-07-16 02:01:06 +0000","Spring cleaning"
"Jimmyqlx","2016-07-15 15:45:40 -0400","what is elasticsearch"
"Kieran O'Driscoll","2016-07-15 04:58:05 +0000","Quick changes to dashboard views"
"Kieran O'Driscoll","2016-07-15 04:38:25 +0000","fixes to admin dashboards, add image and image_block dashboard"
"Kieran O'Driscoll","2016-07-15 04:23:32 +0000","Add seeding for articles, update dashboards to show more helpful information"
"wu wen","2016-07-14 20:23:36 -0400","Update Diagrams.csv"
"wu wen","2016-07-14 20:20:46 -0400","Create readme.txt"
"wu wen","2016-07-14 20:09:10 -0400","Delete readme.txt"
"viss3240","2016-07-14 18:17:42 -0400","new vector math svg diagram and javascript files"
"viss3240","2016-07-14 18:14:17 -0400","Update ReadMe.txt"
"viss3240","2016-07-14 18:12:19 -0400","Create ReadMe.txt"
"josephvannelli","2016-07-14 17:45:54 -0400","Delete bow.html"
"josephvannelli","2016-07-14 17:45:29 -0400","Delete free_body.html"
"Joseph","2016-07-14 17:43:46 -0400","Convert the html file to an svg file and add updated css for the buttons"
"Joseph","2016-07-14 17:12:43 -0400","update the readme for the elastic potential energy bow diagram"
"Joseph","2016-07-14 17:06:31 -0400","Add updated css for buttons, add ability for users to change the value of the spring force constant and converted the html file into an svg file"
"wu wen","2016-07-14 16:57:20 -0400","Create readme.txt"
"Jimmyqlx","2016-07-14 16:46:28 -0400","Basic model of search controller"
"wu wen","2016-07-14 16:45:15 -0400","Update readme.txt"
"wu wen","2016-07-14 16:39:06 -0400","Create springmove.js"
"wu wen","2016-07-14 16:36:33 -0400","Create spring.html"
"Roman Lipisiy","2016-07-14 15:14:26 -0400","Fix Headings in the about page"
"Aman Kumar","2016-07-14 01:48:55 -0400","Updated MathJax Equations"
"Aman Kumar","2016-07-14 01:34:15 -0400","Learned mathjax and added equations for all concepts of classical mechanics"
"rmoro","2016-07-14 00:41:22 -0400","updated stats for the week"
"rmoro","2016-07-14 00:02:49 -0400","see last commit"
"rmoro","2016-07-14 00:01:19 -0400","fixed the leaf in the logo so it doesnt look like it was chopped off"
"rmoro","2016-07-13 23:31:13 -0400","linked home page to search and removed the awful looking search in header when on the front page."
"rmoro","2016-07-13 22:50:57 -0400","accidentally had kept some elastic search mappings in this file"
"rmoro","2016-07-13 22:45:48 -0400","Added searchkick"
"rmoro","2016-07-13 22:38:04 -0400","switched to searchkick https://github.com/ankane/searchkick"
"rmoro","2016-07-13 22:15:23 -0400","added a few mappings to searchable.rb (work in progress)"
"rmoro","2016-07-13 21:54:40 -0400","Added some elasticsearch mappings for testing"
"Ryan Mak","2016-07-13 20:52:55 -0400","Added Matrix Treatment of Polarization part 2"
"Ryan Mak","2016-07-13 19:19:06 -0400","Added Matrix Treatment of Polarization"
"Robert Morouney","2016-07-13 18:05:12 -0400","Update .gitignore"
"swar8080","2016-07-13 14:47:22 -0400","Update README.md"
"swar8080","2016-07-13 14:45:56 -0400","updated UML viewing/editing instructions"
"JeffChung2","2016-07-13 13:45:46 -0400","added more formulas"
"JeffChung2","2016-07-13 13:32:38 -0400","renamed to modular version"
"WALLISE WU","2016-07-13 12:56:41 -0400","removed unnecessary files in last commit"
"WALLISE WU","2016-07-13 12:54:35 -0400","updated electro physics research"
"WALLISE WU","2016-07-13 12:53:51 -0400","updated electromag research"
"Kevzys","2016-07-13 12:47:26 -0400","Merge branch 'master' of https://github.com/UPOD-2016/UPOD"
"Kevzys","2016-07-13 12:47:19 -0400","Completed version of fundamentals research"
"WALLISE WU","2016-07-13 12:47:16 -0400","added electromagnetism research"
"Roman Lipisiy","2016-07-13 12:37:02 -0400","fix button cross browser, add max height constraint"
"Ensieh Mollazadeh","2016-07-13 11:59:36 -0400","has created diverging lense"
"Wallise Wu","2016-07-13 11:14:09 -0400","Add files via upload"
"JeffChung2","2016-07-13 11:09:48 -0400","more mathjax conversion"
"crui7530","2016-07-13 14:49:54 +0000","Removed second subcategory category id check as it is not needed"
"giacrom","2016-07-13 10:34:58 -0400","Update Diagrams.csv"
"gstarmvp","2016-07-13 02:43:02 -0400","cripts at the Bottom to have better performence"
"chan6240","2016-07-13 05:15:32 +0000","Fixed _header"
"chan6240","2016-07-13 05:14:01 +0000","Added article linking back to subcategory page"
"chan6240","2016-07-13 05:08:58 +0000","Fixed tag for header"
"chan6240","2016-07-13 05:03:07 +0000","Made categories for homepage dynamic, implemented frontend's mock up for subcategories page, will need frontend team to do tighten the look and feel"
"chan6240","2016-07-13 05:03:07 +0000","Made categories for homepage dynamic, implemented frontend's mock up for subcategories page, will need frontend team to do tighten the look and feel"
"giacrom","2016-07-12 22:53:00 -0400","Update elastic_collision.html"
"chan6240","2016-07-13 02:29:12 +0000","Added description for categorization"
"Clive Shen","2016-07-12 21:35:34 -0400","Updated the format, and added some UML diagrams."
"franco-wong","2016-07-12 21:07:22 -0400","fixed to fit requirements"
"Anderszz","2016-07-12 20:44:38 -0400","Minor edits to Physics RD"
"franco-wong","2016-07-12 20:39:41 -0400","redone subcategory page"
"kcolletripp","2016-07-12 18:36:19 -0400","replaced old article page with new"
"Joseph","2016-07-12 16:31:01 -0400","The values for potential energy and distance moved now change as the bow is moved"
"giacrom","2016-07-12 15:31:04 -0400","Update elastic_collision.html"
"Ensieh Mollazadeh","2016-07-12 14:53:22 -0400","has created the converging lense"
"JeffChung2","2016-07-12 14:31:15 -0400","did some mathjax conversion"
"Roman Lipisiy","2016-07-12 16:30:41 +0000","split css from html in projectile motion diagram"
"swar8080","2016-07-12 11:49:29 -0400","fixed issue with multiple equations not rendering in artilces"
"Ensieh Mollazadeh","2016-07-12 01:12:41 -0400","have changed concave mirror"
"swar8080","2016-07-11 23:15:29 -0400","Merge branch 'master' of https://github.com/UPOD-2016/UPOD"
"swar8080","2016-07-11 23:13:38 -0400","link block and equation block partials"
"chan6240","2016-07-12 02:27:28 +0000","Merge branch 'master' of github.com:UPOD-2016/UPOD"
"chan6240","2016-07-12 02:20:14 +0000","Added nullify flag to Category and Subcategory, associated foreign key records are set to null instead of being destroyed"
"swar8080","2016-07-11 22:12:57 -0400","equation blocks now properly render and save in the db"
"Kieran O'Driscoll","2016-07-12 01:38:23 +0000","More documentation, run annotate"
"Kieran O'Driscoll","2016-07-12 01:12:02 +0000","Create category seed, fix category admin page"
"crui7530","2016-07-12 01:05:41 +0000","Updated UML diagrams"
"crui7530","2016-07-12 00:33:19 +0000","added subcategory pages"
"kcolletripp","2016-07-11 18:55:17 -0400","updated text for about page"
"Mike Roher","2016-07-11 22:45:37 +0000","Images Almost Working We now have the "properly" set-up between the ArticleImageBlock, Image and Article. The issue is something with the upload directory I believe as the images aren't being loaded properly afterwards. To be continued. Also made minor changes to the equation javascript and reveretd the Articles#index page as it made testing significantly harder and was in the wrong place (the page design was for Article#Show but someone mistakenly put it in Article#Index)."
"Mike Roher","2016-07-11 21:38:37 +0000","merged"
"Mike Roher","2016-07-11 21:37:00 +0000","regenerated docs and annotated models"
"crui7530","2016-07-11 21:07:40 +0000","made catagory page only show catagories belonging to them"
"crui7530","2016-07-11 20:47:07 +0000","Add Categorizations, can be added through admin page"
"Ensieh Mollazadeh","2016-07-11 16:30:57 -0400","have done some changes to concave mirror"
"rmoro","2016-07-11 14:00:46 -0400","fixed error in admin page"
"rmoro","2016-07-11 13:56:54 -0400","made a mistake"
"rmoro","2016-07-11 13:53:14 -0400","Merge branch 'master' of https://github.com/UPOD-2016/UPOD"
"rmoro","2016-07-11 13:53:03 -0400","fixed include error"
"Clive Shen","2016-07-11 13:19:20 -0400","Minor edits"
"Anderszz","2016-07-11 12:39:51 -0400","Final Edits from David Brown"
"rmoro","2016-07-11 12:18:27 -0400","added .gitignore"
"rmoro","2016-07-11 12:10:01 -0400","I hope this doesnt bother anyone"
"Ensieh Mollazadeh","2016-07-11 11:40:38 -0400","Convex mirror is created"
"crui7530","2016-07-11 15:25:42 +0000","Re-adding create subcatagories"
"Mike Roher","2016-07-11 15:06:34 +0000","Merge branch 'master' of github.com:UPOD-2016/UPOD"
"Tom West","2016-07-11 11:00:56 -0400","Merge branch 'master' of https://github.com/UPOD-2016/UPOD"
"Tom West","2016-07-11 11:00:42 -0400","real image path done"
"viss3240","2016-07-11 10:57:47 -0400","update readme"
"Brian Oh","2016-07-11 10:47:57 -0400","Merge branch 'master' of https://github.com/UPOD-2016/UPOD"
"Brian Oh","2016-07-11 10:47:45 -0400","Minor edits"
"Tom West","2016-07-11 10:43:35 -0400","Fixed image path?"
"Tom West","2016-07-11 10:41:45 -0400","Delete UPOD_Landing_Page_Prototype.jpg"
"Tom West","2016-07-11 10:40:00 -0400","fixed image type...derp"
"Tom West","2016-07-11 10:35:32 -0400","Add landing page prototype image to front end requirements"
"Mike Roher","2016-07-11 14:33:55 +0000","Merge branch 'master' of github.com:UPOD-2016/UPOD"
"Tom West","2016-07-11 10:30:29 -0400","Add landing page prototype image"
"Clive Shen","2016-07-10 23:49:32 -0400","Updated scope, definitions, and functions."
"Mike Roher","2016-07-11 03:07:48 +0000","Merge branch 'master' of github.com:UPOD-2016/UPOD"
"Kieran O'Driscoll","2016-07-11 03:06:03 +0000","Merge branch 'master' of https://github.com/UPOD-2016/UPOD"
"Kieran O'Driscoll","2016-07-11 03:05:44 +0000","Fix missing commas in dashboards"
"Mike Roher","2016-07-11 03:02:28 +0000","removing the 7 commits for category image strings"
"Ryan Mak","2016-07-10 22:40:43 -0400","Changed category images dimension sizes"
"chan6240","2016-07-11 01:36:20 +0000","Uploaded category images to database, category page is now database driven"
"ohxx5810","2016-07-10 21:04:41 -0400","Fixed Table of Contents and number for previous commit"
"chan6240","2016-07-11 00:58:07 +0000","Merge branch 'master' of github.com:UPOD-2016/UPOD"
"chan6240","2016-07-11 00:56:54 +0000","Implemented Carrierwave field for Administrative, added image to category view"
"Kieran O'Driscoll","2016-07-11 00:20:57 +0000","Add validations, rspec testing and further documetation fixes"
"JeffChung2","2016-07-10 20:04:51 -0400","fixed the optics and quantum mechanics"
"JeffChung2","2016-07-10 19:54:11 -0400","added information to functional hierarchy"
"Kieran O'Driscoll","2016-07-10 23:42:24 +0000","Documentation and fixes to RSpec tests"
"ohxx5810","2016-07-10 19:14:32 -0400","Minor fixes, needs to be completed."
"ohxx5810","2016-07-10 19:13:54 -0400","Revised v.05"
"ohxx5810","2016-07-10 19:12:13 -0400","v.04 revised"
"ohxx5810","2016-07-10 19:10:12 -0400","Final v.05"
"Brian Oh","2016-07-10 19:08:09 -0400","Added styles sheet for all requirements"
"Brian Oh","2016-07-10 18:29:56 -0400","Minor fixes, needs to be completed immediately."
"Brian Oh","2016-07-10 18:22:53 -0400","Revised v.05"
"Brian Oh","2016-07-10 17:57:43 -0400","Merge branch 'master' of https://github.com/UPOD-2016/UPOD"
"Brian Oh","2016-07-10 17:56:55 -0400","Merge branch 'master' of https://github.com/UPOD-2016/UPOD"
"kcolletripp","2016-07-10 17:56:49 -0400","added photos"
"Brian Oh","2016-07-10 17:56:46 -0400","v.04 revised"
"Kieran O'Driscoll","2016-07-10 21:53:56 +0000","Fix article_image_block.rb and more documentation"
"vsutaria","2016-07-10 17:50:50 -0400","changed some tags names"
"Brian Oh","2016-07-10 17:00:13 -0400","Merge branch 'master' of https://github.com/UPOD-2016/UPOD"
"Brian Oh","2016-07-10 16:58:33 -0400","Final v.05"
"Kieran O'Driscoll","2016-07-10 20:57:36 +0000","Initial start at documentation and fixes to Admin Dashboards"
"Ryan Mak","2016-07-10 16:11:40 -0400","Added category images with text"
"wu wen","2016-07-10 16:05:42 -0400","Add files via upload"
"stevenlusonggao","2016-07-10 15:54:40 -0400","Delete readme.txt"
"stevenlusonggao","2016-07-10 15:46:25 -0400","Update Diagrams.csv"
"stevenlusonggao","2016-07-10 15:30:17 -0400","Update Diagrams.csv"
"stevenlusonggao","2016-07-10 15:27:19 -0400","Update Diagrams.csv"
"stevenlusonggao","2016-07-10 15:24:57 -0400","Update Diagrams.csv"
"stevenlusonggao","2016-07-10 15:20:38 -0400","Create readme.txt"
"josephvannelli","2016-07-10 12:45:28 -0400","Update Diagrams.csv"
"josephvannelli","2016-07-10 12:36:19 -0400","Update readme.txt"
"josephvannelli","2016-07-10 12:29:59 -0400","Create bow.js"
"josephvannelli","2016-07-10 12:29:16 -0400","Create bow.html"
"wu wen","2016-07-10 02:05:39 -0400","Add files via upload"
"swar8080","2016-07-09 18:25:16 -0400","Merge branch 'master' of https://github.com/UPOD-2016/UPOD"
"swar8080","2016-07-09 18:24:37 -0400","added mathjax and started working on equation block for article builder"
"kcolletripp","2016-07-09 17:16:13 -0400","Added ruby links so the categories lead to the article page, as a placeholder"
"kcolletripp","2016-07-09 17:03:57 -0400","added some links, cleaned it up a bit"
"kcolletripp","2016-07-09 16:05:32 -0400","cleaned up the page, fewer nested tags where possible"
"stevenlusonggao","2016-07-09 15:49:36 -0400","Edited Graphics & Animation RD based on in-class feedback"
"kcolletripp","2016-07-09 15:44:52 -0400","Merge branch 'master' of https://github.com/UPOD-2016/UPOD"
"kcolletripp","2016-07-09 15:44:27 -0400","fixed a bit"
"kcolletripp","2016-07-09 15:43:08 -0400","Wasn't sure if "articles" was for each article or an index page, commented previous items"
"WillDetlor","2016-07-09 19:41:53 +0000","Merge branch 'master' of https://github.com/UPOD-2016/UPOD"
"WillDetlor","2016-07-09 19:41:32 +0000","update categories index and show to include subcategories"
"kcolletripp","2016-07-09 15:14:59 -0400","Merge branch 'master' of https://github.com/UPOD-2016/UPOD"
"kcolletripp","2016-07-09 15:13:10 -0400","made categories page, needs images"
"Ryan Mak","2016-07-09 15:11:42 -0400","Added 6 images depicting categories"
"WillDetlor","2016-07-09 18:59:32 +0000","create DB and Models for Subcategories. Add in description and define foreign key relationship for category"
"WillDetlor","2016-07-09 11:22:08 -0400","resolve merge conflicts"
"WillDetlor","2016-07-09 11:20:27 -0400","delete ds_store"
"WillDetlor","2016-07-09 11:16:47 -0400","Merge branch 'master' of https://github.com/UPOD-2016/UPOD"
"chan6240","2016-07-09 06:37:45 +0000","Show all categories"
"chan6240","2016-07-09 05:58:20 +0000","Added category to Administrative"
"chan6240","2016-07-09 05:55:46 +0000","with show"
"chan6240","2016-07-09 05:47:44 +0000","Category model - Test Record created"
"chan6240","2016-07-09 05:45:16 +0000","Category model"
"chan6240","2016-07-09 05:45:02 +0000","Category model"
"wuxx4780","2016-07-08 22:33:28 -0400","Add files via upload"
"Mike Roher","2016-07-09 02:32:32 +0000","start initial implementation of article and image link up"
"Mike Roher","2016-07-09 02:24:57 +0000","ignore uploads"
"Mike Roher","2016-07-09 02:24:24 +0000","fix merge conflicts"
"Mike Roher","2016-07-09 02:21:17 +0000","Initial Attempt At Image Uploads"
"Kieran O'Driscoll","2016-07-09 02:09:08 +0000","Install yard for documentation generation"
"viss3240","2016-07-08 14:26:38 -0400","Improve look of diagram"
"kcolletripp","2016-07-08 14:02:07 -0400","fixed up header bar a bit"
"kcolletripp","2016-07-08 13:48:54 -0400","changed some padding for the categories"
"kcolletripp","2016-07-08 11:38:17 -0400","updated homepage to include a grid for categories, few QOL changes, WIP"
"Omid","2016-07-08 03:58:48 -0400","fixed some tags and changed the header to have only logo, about link, categories drop down(does not work properly) and search bar"
"vsutaria","2016-07-07 23:31:14 -0400","fixed button in article page"
"Kieran O'Driscoll","2016-07-08 02:19:01 +0000","Update link_block dashboard for attribute change"
"Kieran O'Driscoll","2016-07-08 01:48:12 +0000","Generate more dashboards and update their views"
"Kieran O'Driscoll","2016-07-08 01:46:36 +0000","Generate more dashboards, update views"
"swar8080","2016-07-07 21:27:11 -0400","Merge branch 'master' of https://github.com/UPOD-2016/UPOD"
"swar8080","2016-07-07 21:26:34 -0400","link blocks are stored on article creation"
"rmoro","2016-07-07 19:59:01 -0400","rotating dials and oscillating levers"
"rmoro","2016-07-07 19:50:07 -0400","added the WLU auth server"
"rmoro","2016-07-07 19:49:30 -0400","Merge branch 'master' of https://github.com/UPOD-2016/UPOD"
"Kieran O'Driscoll","2016-07-07 23:37:31 +0000","Remove contributors dashboard"
"rmoro","2016-07-07 19:26:34 -0400","added short log"
"Mike Roher","2016-07-07 23:19:31 +0000","fixing homepage"
"kcolletripp","2016-07-07 19:04:22 -0400","removed comments"
"kcolletripp","2016-07-07 19:03:17 -0400","Merge branch 'master' of https://github.com/UPOD-2016/UPOD"
"rmoro","2016-07-07 19:01:37 -0400","I thought I could do better, and did (added html format)"
"kcolletripp","2016-07-07 19:00:44 -0400","Merge branch 'master' of https://github.com/UPOD-2016/UPOD"
"kcolletripp","2016-07-07 18:59:59 -0400","fixed up the home page, still a WIP"
"rmoro","2016-07-07 18:35:58 -0400","wrote script to update stats for dbrown each week, run with ./update_stats.sh"
"rmoro","2016-07-07 18:25:25 -0400","added some devise options"
"rmoro","2016-07-07 18:11:53 -0400","Added some views for user login"
"franco-wong","2016-07-07 17:23:52 -0400","fixed up the document"
"Kieran O'Driscoll","2016-07-07 04:50:41 +0000","Edit view of user dashboard"
"Kieran O'Driscoll","2016-07-07 04:45:54 +0000","Add inital admin panel"
"Kieran O'Driscoll","2016-07-07 03:06:39 +0000","Add comments to tests"
"Eric Jiang","2016-07-06 22:31:27 -0400","test commit record"
"Kieran O'Driscoll","2016-07-07 01:47:52 +0000","Add more testing and fix article_diagram_block.rb"
"Mike Roher","2016-07-07 01:19:50 +0000","Merge branch 'master' of github.com:UPOD-2016/UPOD"
"Mike Roher","2016-07-07 01:19:44 +0000","added diagram table"
"Tom","2016-07-06 21:16:51 -0400","remove general files - no use for these, and in the wrong file format in any case."
"Mike Roher","2016-07-07 01:12:41 +0000","sirtrevor small fixes"
"Mike Roher","2016-07-07 00:59:13 +0000","Merge branch 'master' of github.com:UPOD-2016/UPOD"
"Mike Roher","2016-07-07 00:59:04 +0000","added contributor method"
"rmoro","2016-07-06 20:52:54 -0400","removed migration mistake"
"Mike Roher","2016-07-07 00:46:02 +0000","Merge branch 'master' of github.com:UPOD-2016/UPOD"
"Mike Roher","2016-07-07 00:45:58 +0000","cleaning up html"
"rmoro","2016-07-06 19:59:43 -0400","Merge branch 'master' of https://github.com/UPOD-2016/UPOD"
"rmoro","2016-07-06 19:59:28 -0400","added a session model"
"Robert Morouney","2016-07-06 19:45:39 -0400","Update database.yml"
"Robert Morouney","2016-07-06 19:42:48 -0400","Update database.yml"
"rmoro","2016-07-06 19:22:01 -0400","database additions for users and session tracking"
"rmoro","2016-07-06 19:20:25 -0400","session tracking"
"rmoro","2016-07-06 19:19:19 -0400","adding session table"
"rmoro","2016-07-06 19:19:02 -0400","adding session table"
"rmoro","2016-07-06 16:58:43 -0400","added alert and notice areas to application layout"
"rmoro","2016-07-06 16:19:33 -0400","added user model and LDAP models"
"Clive Shen","2016-07-06 14:26:10 -0400","deleted the back end RD .doc files"
"Tom West","2016-07-06 12:55:57 -0400","Removed spaces from name"
"Tom West","2016-07-06 12:55:27 -0400","Removed spaces from name"
"Tom West","2016-07-06 12:54:57 -0400","Removed spaces from name"
"Tom West","2016-07-06 12:52:57 -0400","Removed spaces from name"
"Kevzys","2016-07-06 09:50:22 -0400","Version 1 of fundamentals research in modular form"
"JeffChung2","2016-07-05 21:48:55 -0400","updated optics"
"Mike Roher","2016-07-05 21:21:53 -0400","USE GDOCS TIME TRACKING"
"viss3240","2016-07-05 21:09:28 -0400","Add files via upload"
"giacrom","2016-07-05 21:04:10 -0400","Add files via upload"
"josephvannelli","2016-07-05 21:01:12 -0400","Update free_body.html"
"viss3240","2016-07-05 21:01:02 -0400","Delete svg.css"
"giacrom","2016-07-05 21:00:22 -0400","Delete elastic_collision.html"
"Mike Roher","2016-07-06 00:59:04 +0000","Merge branch 'master' of github.com:UPOD-2016/UPOD"
"Mike Roher","2016-07-06 00:58:55 +0000","fixed merge conflicts"
"giacrom","2016-07-05 20:55:39 -0400","Add files via upload"
"Mike Roher","2016-07-06 00:49:18 +0000","New Navbar, Updated Sir Trevor, Started Implmentation of Image Blcok"
"giacrom","2016-07-05 20:51:01 -0400","Update readme.txt"
"Aman Kumar","2016-07-05 20:49:59 -0400","Completed Hierarchy and Tag List for entire Physics Research"
"swar8080","2016-07-05 20:48:53 -0400","Added link blocks to article editor and changed the link_block model"
"Kieran O'Driscoll","2016-07-06 00:31:22 +0000","Migration to change acttable attributes"
"Aman Kumar","2016-07-05 20:11:24 -0400","Completed standard template for classical mechanics"
"Vik Sharma","2016-07-05 16:38:50 -0400","update frontendJS.js (redundant lines)"
"tudorbertiean","2016-07-05 16:22:45 -0400","nested collapsable articles in admin page"
"Ryan","2016-07-05 14:02:50 -0400","Fixed an issue where the header wouldn't show on all pages"
"viss3240","2016-07-05 13:53:37 -0400","Add files via upload"
"viss3240","2016-07-05 13:49:24 -0400","Update readme.txt"
"vsutaria","2016-07-05 13:43:31 -0400","added drop down menu to article page"
"viss3240","2016-07-05 13:40:49 -0400","Update Diagrams.csv"
"Ensieh Mollazadeh","2016-07-05 12:19:54 -0400","Updated version of concave mirror"
"Omid","2016-07-05 10:01:49 -0400","deleted editor for another one"
"ghiyo","2016-07-03 23:42:58 -0400","fixed an entry"
"Vik Sharma","2016-07-05 06:46:43 -0400","make slide menu easier to maintain and update template.html"
"WillDetlor","2016-07-04 18:07:59 -0400","Update time tracking sheet with latest contributions as well as backend requirements document with notes and to do list for categories"
"Ryan","2016-07-04 12:31:12 -0400","Fixed an issue of the push menu cutting off before end of page"
"muttahirzia@gmail.com","2016-07-04 11:32:30 -0400","Merge branch 'master' of https://github.com/UPOD-2016/UPOD"
"ematiss","2016-07-04 11:27:39 -0400","Create readme.txt"
"ematiss","2016-07-04 11:26:38 -0400","Create readme.txt"
"muttahirzia@gmail.com","2016-07-04 11:24:57 -0400","SQA/SQA.html"
"muttahirzia@gmail.com","2016-07-04 11:19:01 -0400","SQA/SQA.html"
"muttahirzia@gmail.com","2016-07-04 11:05:21 -0400","Merge branch 'master' of https://github.com/UPOD-2016/UPOD"
"muttahirzia@gmail.com","2016-07-04 11:02:17 -0400","add SQA/SQA.html"
"Mike Roher","2016-07-04 15:01:20 +0000","Fixing recent changes by various contributors - made tests pass, removed unused files, made new templates show content from database again instead of static content"
"Kieran O'Driscoll","2016-07-04 05:15:39 +0000","Fix Article_block_spec.rb"
"Kieran O'Driscoll","2016-07-04 05:12:46 +0000","Fix article_spec.rb"
"Kieran O'Driscoll","2016-07-04 05:11:08 +0000","Merge association_tests branch"
"Kieran O'Driscoll","2016-07-04 05:04:18 +0000","Add require line to rails helper"
"Kieran O'Driscoll","2016-07-04 04:55:54 +0000","Added MTI validations"
"swar8080","2016-07-03 22:06:15 -0400","Merge branch 'master' of https://github.com/UPOD-2016/UPOD"
"swar8080","2016-07-03 22:05:40 -0400","added FactoryGirl gem for testing"
"Ryan Mak","2016-07-03 19:54:00 -0400","Fixed a bug on Mod Page"
"tudorbertiean","2016-07-03 15:56:34 -0400","added jquery to admin menu"
"tudorbertiean","2016-07-03 15:11:49 -0400","Merge branch 'master' of https://github.com/UPOD-2016/UPOD"
"tudorbertiean","2016-07-03 15:11:21 -0400","collapsable side bar for admin page"
"ghiyo","2016-07-03 15:02:33 -0400","fixed the alignment of the text area"
"ghiyo","2016-07-03 14:12:59 -0400","added text editor for mod page"
"ghiyo","2016-07-03 04:26:07 -0400","library for text editor"
"Tom","2016-07-03 01:00:38 -0400","Updated Gantt chart - image was missing lowest 2 lines"
"Wallise Wu","2016-07-02 20:29:15 -0400","Create 1.txt"
"Tom","2016-07-02 18:03:32 -0400","Merge branch 'master' of https://github.com/UPOD-2016/UPOD"
"Tom","2016-07-02 17:59:46 -0400","Updated SPMP to proper .html style"
"ghiyo","2016-07-02 14:24:01 -0400","Centered the user case diagram"
"TheCocoManEd","2016-07-01 18:03:19 -0400","Add files via upload"
"Roman Lipisiy","2016-07-01 19:49:45 +0000","Merge branch 'master' of https://github.com/UPOD-2016/UPOD"
"Roman Lipisiy","2016-07-01 19:48:33 +0000","Add time tracking"
"ghiyo","2016-07-01 15:17:26 -0400","added UML diagram and made edits based on SQA"
"Roman Lipisiy","2016-07-01 18:59:23 +0000","Remove some of the old javascript links to clean up pages"
"Roman Lipisiy","2016-07-01 18:50:32 +0000","Merge html pages and stylesheets from vapourware to ruby on rails"
"vsutaria","2016-07-01 13:10:04 -0400","redesigned subcategories page"
"Tom","2016-07-01 12:00:22 -0400","All front end .docx files have already been removed. Please do not add any more again"
"ghiyo","2016-07-01 01:23:54 -0400","Merge branch 'master' of https://github.com/UPOD-2016/UPOD"
"Tom","2016-07-01 00:30:28 -0400","Updated revision number due to previous error"
"Tom West","2016-07-01 00:06:53 -0400","Rename UPOD SRS - Web Design (Front End).html to UPOD SRS - Front End.html"
"Tom","2016-07-01 00:06:06 -0400","Updated Front End RD .html, minor edit to Back End RD formatting"
"Mike Roher","2016-06-30 21:04:14 -0400","Update README.md"
"Mike Roher","2016-07-01 00:55:53 +0000","initial version of sir trevor working!!!!! model method might need minor refactoring later on but it works! we can now create articles!"
"Mike Roher","2016-07-01 00:25:43 +0000","removing about helper/controller as it was breaking the entire app"
"stevenlusonggao","2016-06-30 19:21:02 -0400","Delete docx. files"
"stevenlusonggao","2016-06-30 19:20:49 -0400","Delete docx. files"
"stevenlusonggao","2016-06-30 19:20:17 -0400","Delete docx. files"
"stevenlusonggao","2016-06-30 19:19:58 -0400","Delete docx. files"
"stevenlusonggao","2016-06-30 19:18:33 -0400","Update UPOD RD - Graphics-Animation.html"
"TheCocoManEd","2016-06-30 15:42:12 -0400","Add files via upload"
"ghiyo","2016-06-30 11:35:56 -0400","fixed a name"
"Ensieh Mollazadeh","2016-06-30 00:56:51 -0400","concave mirror updated"
"Anderszz","2016-06-30 00:49:54 -0400","Updated all doc to HTML"
"Eric Jiang","2016-06-29 22:45:42 -0400","format edit"
"Tom","2016-06-29 22:41:51 -0400","Removed all Front End .doc files"
"Eric Jiang","2016-06-29 22:34:24 -0400","final edits for HTML"
"stevenlusonggao","2016-06-29 21:24:03 -0400","Update UPOD RD - Graphics-Animation.html"
"Kieran O'Driscoll","2016-06-29 19:24:55 +0000","Fix DB and Remove migration"
"Clive Shen","2016-06-29 14:36:15 -0400","Edited based on SQA feedback"
"Kieran O'Driscoll","2016-06-29 18:06:55 +0000","Add association and belongs to tests to RSpec"
"K-ODriscoll","2016-06-29 13:06:08 -0400","Add Gantt Chart to doc"
"Ryan Mak","2016-06-29 12:35:33 -0400","Changed UML Diagrams to match class discussion"
"kcolletripp","2016-06-29 12:00:40 -0400","Merge branch 'master' of https://github.com/UPOD-2016/UPOD"
"kcolletripp","2016-06-29 12:00:25 -0400","Removed ability to reset password, now done through AD"
"Eric Jiang","2016-06-29 10:49:14 -0400","Formatting changes"
"JeffChung2","2016-06-29 10:47:21 -0400","updated file"
"Ensieh Mollazadeh","2016-06-29 08:20:07 -0400","Updated Concave Mirror"
"Tom West","2016-06-29 00:43:49 -0400","Actually fixed gantt path"
"Tom West","2016-06-29 00:41:43 -0400","Update SPMP.html"
"Tom","2016-06-29 00:40:32 -0400","Add SPMP + Gantt"
"ghiyo","2016-06-29 00:36:34 -0400","fixed small errors"
"Brian Oh","2016-06-29 00:35:08 -0400","Merge branch 'master' of https://github.com/UPOD-2016/UPOD"
"ghiyo","2016-06-29 00:33:12 -0400","Template for analysis document in HTML"
"Brian Oh","2016-06-29 00:31:49 -0400","Updated"
"Aman Kumar","2016-06-28 23:47:37 -0400","Add files via upload"
"Brian Oh","2016-06-28 23:19:05 -0400","Merge branch 'master' of https://github.com/UPOD-2016/UPOD"
"Brian Oh","2016-06-28 23:18:54 -0400","v.03"
"Brian Oh","2016-06-28 23:18:25 -0400","v.02"
"Aman Kumar","2016-06-28 23:16:50 -0400","Revert "Reorganized physics files and folders and renamed files to follow standard naming convention""
"Jimmyqlx","2016-06-28 22:58:11 -0400","SearchCoreUml"
"Aman Kumar","2016-06-28 22:54:05 -0400","Reorganized physics files and folders and renamed files to follow standard naming convention"
"Pillip Lee","2016-06-28 20:36:32 -0400","Add files via upload"
"Pillip Lee","2016-06-28 20:34:55 -0400","Add files via upload"
"Pillip Lee","2016-06-28 20:32:39 -0400","Add files via upload"
"Pillip Lee","2016-06-28 20:30:52 -0400","Add files via upload"
"Kieran O'Driscoll","2016-06-28 21:58:33 +0000","Update Schema.db"
"Kieran O'Driscoll","2016-06-28 21:55:28 +0000","Fix Schema"
"swar8080","2016-06-28 17:17:27 -0400","reorganized UML folder contents in Diagrams folder"
"swar8080","2016-06-28 17:13:30 -0400","Merge branch 'master' of https://github.com/UPOD-2016/UPOD"
"swar8080","2016-06-28 17:12:47 -0400","added BCE diagram and cleaned up diagram folders"
"Kieran O'Driscoll","2016-06-28 19:20:07 +0000","Merge branch 'rspec_testing'"
"Ryan","2016-06-28 15:02:24 -0400","Added Object Diagram"
"josephvannelli","2016-06-28 14:53:54 -0400","Update Diagrams.csv"
"tudorbertiean","2016-06-28 13:51:00 -0400","admin action bar align"
"tudorbertiean","2016-06-28 13:27:37 -0400","new css for admin page"
"tudorbertiean","2016-06-28 13:04:13 -0400","Merge branch 'master' of https://github.com/UPOD-2016/UPOD"
"tudorbertiean","2016-06-28 13:03:38 -0400","admin html refactoring and color change"
"Ryan","2016-06-28 12:31:21 -0400","Fixed Diagrams"
"josephvannelli","2016-06-28 12:29:22 -0400","Delete freebodymovement.js"
"josephvannelli","2016-06-28 12:29:05 -0400","Delete free_body.html"
"josephvannelli","2016-06-28 12:27:40 -0400","Update readme.txt"
"Ryan","2016-06-28 12:24:29 -0400","Added frontend .png"
"swar8080","2016-06-28 12:24:07 -0400","Combined diagram files, added README with info about updating UML diagrams, combined StarUML files to include User classes"
"swar8080","2016-06-28 12:21:03 -0400","Combined diagram files, added README with info about updating UML diagrams, combined StarUML files to include User classes"
"swar8080","2016-06-28 12:19:29 -0400","Merge branch 'master' of https://github.com/UPOD-2016/UPOD"
"josephvannelli","2016-06-28 12:18:44 -0400","Add files via upload"
"swar8080","2016-06-28 12:17:16 -0400","combined diagram files, added README to backend UML directory, and combined StarUML files to include User classes"
"josephvannelli","2016-06-28 12:15:15 -0400","Update Diagrams.csv"
"josephvannelli","2016-06-28 12:14:42 -0400","Update Diagrams.csv"
"Ryan","2016-06-28 12:10:39 -0400","Merge branch 'master' of https://github.com/UPOD-2016/UPOD"
"Ryan","2016-06-28 12:10:26 -0400","Changed Website Hierarchy names"
"JeffChung2","2016-06-28 12:01:48 -0400","Add files via upload"
"Mike Roher","2016-06-28 15:55:09 +0000","merged scaffold"
"Mike Roher","2016-06-28 15:49:38 +0000","Merge branch 'scaffold' of github.com:UPOD-2016/UPOD into scaffold"
"Ryan","2016-06-28 11:49:18 -0400","Modified Use Case Diagram"
"Mike Roher","2016-06-28 15:49:25 +0000","starting to integrate backend"
"vsutaria","2016-06-28 11:48:16 -0400","categories and sub categories page"
"Ryan","2016-06-28 11:29:02 -0400","Added .png version of use case diagram"
"Ryan","2016-06-28 11:25:41 -0400","Modified use case diagram"
"ematiss","2016-06-28 08:41:49 -0400","Create readme.txt"
"ematiss","2016-06-28 08:39:31 -0400","Create readme.txt"
"ematiss","2016-06-28 08:38:49 -0400","Create readme.txt"
"JeffChung2","2016-06-28 06:45:56 -0400","added a optics animation"
"Kieran O'Driscoll","2016-06-28 04:21:23 +0000","Migration for equation block table"
"Tom","2016-06-28 00:13:38 -0400","Updated formatting of Analysis Doc + Added revision history"
"ematiss","2016-06-28 00:05:19 -0400","Update readme.txt"
"Ryan Mak","2016-06-28 00:04:38 -0400","Modified use cases"
"ematiss","2016-06-28 00:04:29 -0400","Update Diagrams.csv"
"ematiss","2016-06-28 00:04:11 -0400","Update Diagrams.csv"
"ematiss","2016-06-28 00:03:36 -0400","Add files via upload"
"ematiss","2016-06-27 23:47:16 -0400","Create readme.txt"
"ematiss","2016-06-27 23:43:34 -0400","Create Embedded_js_svg_sample.svg"
"ohxx5810","2016-06-27 23:43:13 -0400","Delete template (Revised).txt"
"wuxx4780","2016-06-27 23:42:10 -0400","Updated the Animation Diagram document for Fundamentals II"
"Tom","2016-06-27 23:40:11 -0400","Input time for Front End Requirements over the last two weeks"
"WillDetlor","2016-06-27 23:28:40 -0400","Add routing for about page into rails version"
"Anderszz","2016-06-27 23:22:18 -0400","Update in progress"
"Kieran O'Driscoll","2016-06-28 03:09:49 +0000","Update equation block .rb and spec"
"Kieran O'Driscoll","2016-06-28 02:55:23 +0000","Add comments for RSpec/Shoulda matcher tests"
"Wallise Wu","2016-06-27 22:49:22 -0400","Add files via upload"
"Kieran O'Driscoll","2016-06-28 02:45:57 +0000","Most recent time tracking spreadsheet"
"Ryan Mak","2016-06-27 22:31:30 -0400","Created Use Case Diagrams"
"franco-wong","2016-06-27 22:31:26 -0400","User UML"
"Wallise Wu","2016-06-27 22:31:00 -0400","Add files via upload"
"Kieran O'Driscoll","2016-06-28 02:25:22 +0000","Update Backend UML"
"Kieran O'Driscoll","2016-06-28 02:21:03 +0000","Merge branch 'master' of https://github.com/UPOD-2016/UPOD"
"Kieran O'Driscoll","2016-06-28 02:20:33 +0000","Update Backend UML Diagram"
"Wallise Wu","2016-06-27 22:20:32 -0400","Add files via upload"
"ghiyo","2016-06-27 22:03:49 -0400","Updated to proper format"
"chan6240","2016-06-27 22:03:36 -0400","Removed CategoryBlock from Category section in UML"
"Aman Kumar","2016-06-27 21:30:23 -0400","Created Hierarchy and Tag List for physics topics"
"gstarmvp","2016-06-27 21:21:50 -0400","Merge branch 'master' of https://github.com/UPOD-2016/UPOD combine css files into one file"
"gstarmvp","2016-06-27 21:10:39 -0400","commit operation"
"ghiyo","2016-06-27 21:03:19 -0400","Deleted a mistakenly copied folder and updated web design document (edited)"
"ghiyo","2016-06-27 20:51:35 -0400","SQA feed back"
"Brian Oh","2016-06-27 20:40:06 -0400","Merge branch 'master' of https://github.com/UPOD-2016/UPOD"
"Brian Oh","2016-06-27 20:39:31 -0400","Format to Template.html format with appendix to other requirements (not final)"
"franco-wong","2016-06-27 20:26:56 -0400","Added User UML"
"Brian Oh","2016-06-27 20:03:18 -0400","Fix name"
"giacrom","2016-06-27 19:48:48 -0400","Create elastic_collision.html"
"josephvannelli","2016-06-27 19:34:04 -0400","Add files via upload"
"giacrom","2016-06-27 19:31:02 -0400","Elastic Collision"
"viss3240","2016-06-27 19:13:00 -0400","Add files via upload"
"swar8080","2016-06-27 18:26:50 -0400","changed category and article relationship"
"ghiyo","2016-06-27 17:47:28 -0400","SQA document to keep track of SQA work done by group mates"
"Kieran O'Driscoll","2016-06-27 21:31:01 +0000","Add more RSpec and Shoulda Matchers Tests"
"Kieran O'Driscoll","2016-06-27 21:06:11 +0000","Add Rspec Testing to models"
"ghiyo","2016-06-27 16:43:00 -0400","SQA feedback"
"ghiyo","2016-06-27 16:39:56 -0400","New template regarding analysis and requirement documents"
"vsutaria","2016-06-27 16:07:27 -0400","added jumbotron inside column div/ renamed old category page to new category page"
"TheCocoManEd","2016-06-27 15:42:48 -0400","Add files via upload"
"stevenlusonggao","2016-06-27 15:41:40 -0400","Add files via upload"
"Ensieh Mollazadeh","2016-06-27 15:33:02 -0400","The concave mirror until now"
"Ensieh Mollazadeh","2016-06-27 15:29:13 -0400","Merge branch 'master' of http://github.com/UPOD-2016/UPOD"
"Kieran O'Driscoll","2016-06-27 19:26:58 +0000","Add WIP Analysis Doc"
"Ensieh Mollazadeh","2016-06-27 15:25:14 -0400","The concave mirror untill now"
"Kieran O'Driscoll","2016-06-27 19:25:06 +0000","Organization of files"
"wu wen","2016-06-27 15:19:18 -0400","Rename the Magnetic Field lines to the Magnetic Field lines.html"
"wu wen","2016-06-27 15:18:16 -0400","the Magnetic Field lines.html"
"Eric Jiang","2016-06-27 15:15:22 -0400","Readover/Edits made"
"Tom West","2016-06-27 15:05:08 -0400","Revert "Revert "Remade Frontend UML Diagram"""
"Tom West","2016-06-27 14:59:12 -0400","Revert "Remade Frontend UML Diagram""
"Tom West","2016-06-27 14:55:29 -0400","Organizing requirements folder for analysis phase"
"Ryan","2016-06-27 14:36:32 -0400","Remade Frontend UML Diagram"
"vsutaria","2016-06-27 14:27:03 -0400","Redesign categories pages"
"Kieran O'Driscoll","2016-06-27 17:42:41 +0000","Install Rspec and Shoulda Matcher"
"Derek Cruise","2016-06-27 12:22:55 -0400","Added Article to Catagory relation"
"kcolletripp","2016-06-27 11:14:05 -0400","deleted trash"
"Jimmyqlx","2016-06-27 10:59:24 -0400","MathJax"
"swar8080","2016-06-27 08:13:06 -0400","added generalization for classes performing operations that are restricted by user permissions"
"JeffChung2","2016-06-27 05:43:20 -0400","Add files via upload"
"JeffChung2","2016-06-27 05:41:35 -0400","Update UPOD RD - Graphics-Animation.html"
"chan6240","2016-06-27 02:31:09 -0400","Updated HTML docs"
"chan6240","2016-06-27 02:23:02 -0400","Merge remote-tracking branch 'origin/scaffold' into scaffold"
"chan6240","2016-06-27 02:21:26 -0400","Flushed out Categories in UML."
"swar8080","2016-06-27 00:11:32 -0400","changed relation between article and user classes"
"Ryan Mak","2016-06-26 23:20:51 -0400","Modified Hierarchy"
"Ryan Mak","2016-06-26 22:19:11 -0400","Added page hierarchy for the website"
"Aman Kumar","2016-06-26 22:10:56 -0400","Added animation diagrams document"
"Aman Kumar","2016-06-26 22:03:20 -0400","Revert "Create Physics Research Folder to organize content""
"Aman Kumar","2016-06-26 21:58:21 -0400","Create Physics Research Folder to organize content"
"Aman Kumar","2016-06-26 21:49:12 -0400","Revert "Created Subfolder to organize physics research""
"Aman Kumar","2016-06-26 21:46:45 -0400","Created Subfolder to organize physics research"
"swar8080","2016-06-26 20:11:20 -0400","Added StarUML UML diagram file and auto-generated HTML files to view them"
"Anderszz","2016-06-26 16:49:42 -0400","Edited Physics HTML document"
"Mike Roher","2016-06-26 18:07:57 +0000","merge with randy searcing"
"Mike Roher","2016-06-26 18:07:09 +0000","add sir trevor"
"QamarFarooq","2016-06-26 03:44:27 -0400","Admin Page Layout"
"Brian Oh","2016-06-26 00:09:23 -0400","Revised and edited Table of Contents and indexing added Revision History"
"Brian Oh","2016-06-26 00:02:35 -0400","Revised and added Revision History"
"Brian Oh","2016-06-25 23:51:16 -0400","Revised and converted to proper HTML Template.  Added Revision History"
"Brian Oh","2016-06-25 23:22:20 -0400","Merge branch 'master' of https://github.com/UPOD-2016/UPOD"
"Brian Oh","2016-06-25 23:18:15 -0400","Revised Back End Requirements and properly formatted into HTML template"
"ghiyo","2016-06-25 20:50:20 -0400","Add files via upload"
"Brian Oh","2016-06-25 20:41:45 -0400","Added Revision History table. PLEASE FILL APPROPRIATELY"
"Brian Oh","2016-06-25 18:14:41 -0400","Revised Physics.html"
"Anderszz","2016-06-24 23:12:51 -0400","Updated Edited Physics RD"
"Anderszz","2016-06-24 23:07:10 -0400","Changed template to Physics RD"
"Anderszz","2016-06-24 23:01:05 -0400","Added new physics HTML"
"Ensieh Mollazadeh","2016-06-24 17:31:57 -0400","Useful websites and a textbook for svg"
"rmoro","2016-06-24 16:42:20 -0400","updated article tet block"
"josephvannelli","2016-06-24 14:05:16 -0400","Add files via upload"
"giacrom","2016-06-24 14:00:55 -0400","Add files via upload"
"moll7720","2016-06-24 13:10:42 -0400","shapes.html"
"moll7720","2016-06-24 13:06:17 -0400","Delete library.html"
"moll7720","2016-06-24 12:38:21 -0400","Create library.html"
"ghiyo","2016-06-24 01:31:01 -0400","Update Template.html"
"ghiyo","2016-06-24 01:30:15 -0400","Update Template.html"
"ghiyo","2016-06-24 01:26:51 -0400","Update Template.html"
"Pillip Lee","2016-06-23 16:51:25 -0400","Add files via upload"
"ematiss","2016-06-23 16:15:15 -0400","Add files via upload"
"rmoro","2016-06-23 12:27:31 -0400","started to move elastic to module"
"Kieran O'Driscoll","2016-06-23 15:51:14 +0000","Add validations to models"
"Kieran O'Driscoll","2016-06-22 23:44:57 +0000","Add validations to models"
"Kieran O'Driscoll","2016-06-22 23:40:15 +0000","Add validations under models"
"rmoro","2016-06-22 16:24:39 -0400","+elastic search"
"rmoro","2016-06-22 15:54:58 -0400","Added gems for elasticsearch #blingbling"
"Vik Sharma","2016-06-22 14:59:55 -0400","add bootstrap breadcrumbs to categories and entry pages"
"Vik Sharma","2016-06-22 13:47:39 -0400","move position of slide menu button to the far left and add a few links to the menu"
"muttahirzia@gmail.com","2016-06-22 12:22:16 -0400","Updated revision history"
"Student","2016-06-22 12:12:06 -0400","SQA Review of Front-end and Back-end Requirements"
"ematiss","2016-06-22 10:32:41 -0400","Create TEMP"
"ematiss","2016-06-22 10:16:45 -0400","Update readme.txt"
"ematiss","2016-06-22 10:14:04 -0400","Add files via upload"
"TheCocoManEd","2016-06-22 09:44:23 -0400","Delete q1"
"TheCocoManEd","2016-06-22 09:44:05 -0400","Add files via upload"
"TheCocoManEd","2016-06-22 09:42:19 -0400","Create q1"
"TheCocoManEd","2016-06-22 09:40:59 -0400","Delete Quantum-Research"
"TheCocoManEd","2016-06-22 09:40:38 -0400","Create Quantum-Research"
"Mike Roher","2016-06-22 02:50:10 +0000","add interface to interact with blocks"
"Mike Roher","2016-06-22 02:17:34 +0000","add acts as list scoped"
"giacrom","2016-06-21 19:35:10 -0400","Add files via upload"
"Mike Roher","2016-06-21 17:44:04 +0000","adding constants, links, and equations"
"kcolletripp","2016-06-21 11:22:10 -0400","removed drop-down menu"
"ematiss","2016-06-20 20:13:09 -0400","Delete ball.js"
"ematiss","2016-06-20 20:13:03 -0400","Delete ball.html"
"ematiss","2016-06-20 20:12:51 -0400","Create ball.js"
"ematiss","2016-06-20 20:12:19 -0400","Create ball.html"
"ematiss","2016-06-20 20:11:34 -0400","Delete Sandbox"
"ematiss","2016-06-20 20:11:23 -0400","Create Sandbox"
"ematiss","2016-06-20 20:09:56 -0400","Create ball.html"
"ematiss","2016-06-20 20:09:09 -0400","Create ball.js"
"viss3240","2016-06-20 18:33:59 -0400","Add files via upload"
"josephvannelli","2016-06-20 18:32:46 -0400","Add files via upload"
"josephvannelli","2016-06-20 18:32:11 -0400","Add files via upload"
"ematiss","2016-06-20 18:31:29 -0400","Create readme.txt"
"Ryan","2016-06-20 17:19:24 -0400","Changed all pages to use the new push menu"
"Mike Roher","2016-06-20 20:20:51 +0000","establish relationship between article, articleblock and articletextblock"
"Mike Roher","2016-06-20 19:39:33 +0000","starting initial article nodes"
"Ryan","2016-06-20 13:51:34 -0400","Remade Push Menu"
"JeffChung2","2016-06-20 05:58:56 -0400","made edits based on the edited srs"
"Tom","2016-06-20 01:33:14 -0400","Made updates to Web Design SRS & updated .html version"
"Anderszz","2016-06-19 17:29:54 -0400","HTML file for edited Physics RD"
"ghiyo","2016-06-19 17:24:31 -0400","Merge pull request #10 from UPOD-2016/SQA-Feedback-on-SRS"
"ghiyo","2016-06-19 17:23:00 -0400","We should store the edited documents for reference"
"Anderszz","2016-06-19 17:20:09 -0400","new template"
"rmoro","2016-06-19 13:47:29 -0400","added log files"
"Clive Shen","2016-06-18 19:08:16 -0400","Updated based on the template"
"Wallise Wu","2016-06-18 15:08:22 -0400","Add files via upload"
"Brian Oh","2016-06-18 11:36:43 -0400","White background"
"JeffChung2","2016-06-18 03:27:19 -0400","Add files via upload"
"JeffChung2","2016-06-18 03:00:01 -0400","Add files via upload"
"Brian Oh","2016-06-18 02:00:46 -0400","Merge branch 'master' of https://github.com/UPOD-2016/UPOD"
"Brian Oh","2016-06-18 01:59:59 -0400","Fixed formatting and indents"
"ohxx5810","2016-06-18 01:57:39 -0400","Converted to html copy."
"Brian Oh","2016-06-18 01:53:25 -0400","Merge remote-tracking branch 'refs/remotes/origin/master'"
"Brian Oh","2016-06-18 01:48:30 -0400","FINAL TEMPLATE TO USE IN HTML"
"Clive Shen","2016-06-18 01:28:16 -0400","Updated based on new template"
"Ryan Mak","2016-06-18 00:40:33 -0400","New Physics Content"
"Brian Oh","2016-06-17 23:37:12 -0400","Added Table of Contents and edited format"
"Brian Oh","2016-06-17 20:28:57 -0400","Merge remote-tracking branch 'refs/remotes/origin/master'"
"Brian Oh","2016-06-17 20:28:34 -0400","Physics document Version 0.2 in html"
"TheCocoManEd","2016-06-17 12:44:42 -0400","Add files via upload"
"TheCocoManEd","2016-06-17 12:35:29 -0400","Add files via upload"
"Brian Oh","2016-06-17 01:58:21 -0400","Edited margin for MORE drop-down"
"Brian Oh","2016-06-17 01:49:30 -0400","Merge branch 'master' of https://github.com/UPOD-2016/UPOD"
"Brian Oh","2016-06-17 01:49:19 -0400","Added More drop-down menu with links"
"Tom","2016-06-17 01:31:46 -0400","Merge branch 'master' of https://github.com/UPOD-2016/UPOD"
"Tom","2016-06-17 01:30:44 -0400","Resolved highlighted fields on RD - Web Design"
"Tom","2016-06-17 01:27:08 -0400","Added RD - General, Updated RD - Web Design based on SQA feedback"
"Brian Oh","2016-06-17 00:58:13 -0400","Edited About page"
"Brian Oh","2016-06-17 00:03:31 -0400","Merge branch 'master' of https://github.com/UPOD-2016/UPOD"
"Brian Oh","2016-06-17 00:02:33 -0400","Added More drop-down menu with active links to connect to"
"Brian Oh","2016-06-16 21:56:15 -0400","Delete comment in about.html"
"Brian Oh","2016-06-16 21:51:25 -0400","Added comment in about.html"
"Brian Oh","2016-06-16 21:49:38 -0400","Set to original about.html"
"Brian Oh","2016-06-16 21:46:41 -0400","about.html comment added"
"Kevzys","2016-06-15 00:46:03 -0400","Added indepth explanation of interactive animated diagram"
"ghiyo","2016-06-14 00:36:15 -0400","Rename UPOD RD - Web Design.html to UPOD SRS - Web Design (Front End).html"
"ghiyo","2016-06-14 00:30:16 -0400","Update Template.html"
"kcolletripp","2016-06-13 16:59:35 -0400","added Vishrut's hours"
"ohxx5810","2016-06-13 15:21:20 -0400","Template for Requirements"
"ohxx5810","2016-06-13 15:18:23 -0400","Delete template"
"ghiyo","2016-06-13 02:59:44 -0400","Commit message"
"kcolletripp","2016-06-12 16:27:11 -0400","Added a people tracker"
"kcolletripp","2016-06-12 14:47:11 -0400","centered text"
"kcolletripp","2016-06-12 14:30:29 -0400","Merge branch 'master' of https://github.com/UPOD-2016/UPOD"
"kcolletripp","2016-06-12 14:30:08 -0400","made 404 page"
"Ryan","2016-06-12 14:23:47 -0400","Added UPOD Logo to header"
"Ryan","2016-06-12 13:51:46 -0400","Forgot to update Revision history"
"Ryan","2016-06-12 13:46:38 -0400","Updated holes in requirements"
"kcolletripp","2016-06-12 13:42:58 -0400","Put content in div"
"ohxx5810","2016-06-11 19:53:23 -0400","Template for Requirements"
"rmoro","2016-06-08 14:46:25 -0400","added new tracking site"
"JeffChung2","2016-06-06 14:52:00 -0400","Add files via upload"
"Ryan Mak","2016-06-06 13:56:30 -0400","Added "Forgot Password" section"
"wuxx4780","2016-06-05 22:50:26 -0400","Add files via upload"
"swar8080","2016-06-05 16:05:01 -0400","no longer needed"
"swar8080","2016-06-05 15:54:26 -0400","Versioning for https://www.lucidchart.com/documents/edit/d0833e5f-c854-44cf-bb23-9112f854ba80?shared=true&#"
"swar8080","2016-06-05 15:51:35 -0400","Added tzinfo gem to fix rails s command for windows"
"rmoro","2016-06-05 03:55:47 -0400","made a few additions to uml diagram again"
"rmoro","2016-06-05 03:36:59 -0400","made a few additions to uml diagram"
"rmoro","2016-06-05 03:33:17 -0400","added a quick mock up for the backend UML in hopes of getting the database set up tomorrow."
"kcolletripp","2016-06-02 22:12:46 -0400","allowed for scrolling"
"kcolletripp","2016-06-02 21:44:50 -0400","removed <head> tags in code snippets"
"kcolletripp","2016-06-02 21:43:57 -0400","deleted unused files"
"Vik Sharma","2016-06-02 15:27:30 -0400","add push menu to all the other pages"
"Vik Sharma","2016-06-02 12:31:39 -0400","merge"
"Vik Sharma","2016-06-02 12:29:01 -0400","add push menu to search-result.html, reorganize and add push menu to header"
"romanlipisiy","2016-06-01 22:59:55 -0400","fix styling and merge login styles into main style sheet"
"romanlipisiy","2016-06-01 21:02:44 -0400","fix footer styling"
"romanlipisiy","2016-06-01 20:57:46 -0400","fix footer styling"
"tudorbertiean","2016-06-01 20:34:43 -0400","admin side-panel changes"
"Ryan Mak","2016-06-01 20:18:27 -0400","Updated notes"
"romanlipisiy","2016-06-01 19:51:46 -0400","fix styling issues"
"romanlipisiy","2016-06-01 19:03:57 -0400","fix styling on all pages"
"romanlipisiy","2016-06-01 18:51:21 -0400","fix styling of all pages"
"Ryan Mak","2016-06-01 18:36:15 -0400","File rename"
"Ryan Mak","2016-06-01 18:09:34 -0400","Added links to other pages"
"romanlipisiy","2016-06-01 16:54:45 -0400","fix comment box"
"rmoro","2016-06-01 16:26:34 -0400","Site is ready to be deployed with current frontend skeleton.  YOU MUST RUN bundle install then UPDATE config/database.yml and RUN rake db:create then RUN rails s to use"
"rmoro","2016-06-01 16:16:11 -0400","did a little more work on the scaffold. site is ready to be deployed after mysql is set up"
"kcolletripp","2016-06-01 16:06:43 -0400","refactored names to meet standards"
"kcolletripp","2016-06-01 16:04:45 -0400","changed background from purple to white"
"rmoro","2016-06-01 15:25:56 -0400","Merge branch 'master' of https://github.com/UPOD-2016/UPOD"
"Wallise Wu","2016-06-01 15:10:10 -0400","Add files via upload"
"rmoro","2016-06-01 14:45:57 -0400","Added a Logo"
"rmoro","2016-06-01 14:18:25 -0400","basic framework scaffold"
"rmoro","2016-06-01 14:14:37 -0400","Added an alternative Menu Back"
"rmoro","2016-06-01 14:13:27 -0400","Added an alternative icon"
"Delia","2016-06-01 12:53:11 -0400","fixed header, fixed css import"
"Kevzys","2016-06-01 00:58:44 -0400","Add files via upload"
"Tom","2016-06-01 00:09:43 -0400","Updated formatting and prepped for release"
"Vikrant Sharma","2016-05-31 23:10:32 -0400","move script tags to the bottom"
"Vikrant Sharma","2016-05-31 22:57:11 -0400","merge"
"Vikrant Sharma","2016-05-31 22:53:32 -0400","create push menu, add push menu to homepage.html and restyle homepage.html and footer.html"
"Robert Morouney","2016-05-31 19:50:17 -0400","Update README.md"
"ryanmak","2016-05-31 19:20:11 -0400","Added the Optics Section"
"Clive Shen","2016-05-31 03:01:02 -0400","Add actors and use cases"
"akuma6620","2016-05-31 19:00:03 -0400","Add files via upload"
"tudorbertiean","2016-05-31 15:23:13 -0400","refactor tabs and name-name variables"
"romanlipisiy","2016-05-31 13:09:32 -0400","add container to title"
"romanlipisiy","2016-05-31 12:58:42 -0400","add search results title"
"romanlipisiy","2016-05-31 11:28:41 -0400","add list group to search results"
"tudorbertiean","2016-05-30 23:48:19 -0400","admin side-panel reformatting"
"Kevzys","2016-05-30 22:49:27 -0400","Add files via upload"
"Kevzys","2016-05-30 22:42:06 -0400","Create team-info.txt"
"tudorbertiean","2016-05-30 22:28:15 -0400","Merge branch 'master' of https://github.com/UPOD-2016/UPOD"
"tudorbertiean","2016-05-30 22:27:56 -0400","admin page footer & header refactor"
"romanlipisiy","2016-05-30 21:35:18 -0400","add jumbotron and title and description to the search result"
"romanlipisiy","2016-05-30 21:27:14 -0400","fix submit button"
"romanlipisiy","2016-05-30 20:04:24 -0400","add jumbotron to about.html page and dummy text"
"rmoro","2016-05-30 17:44:56 -0400","spelling and grammer"
"rmoro","2016-05-30 17:31:50 -0400","fixed spacing"
"rmoro","2016-05-30 17:28:13 -0400","fixed tabbing"
"tudorbertiean","2016-05-30 17:14:33 -0400","admin page started"
"Kieran O'Driscoll","2016-05-30 15:28:54 -0400","add new simple guide for git"
"swar8080","2016-05-30 14:51:49 -0400","Added topics to dicuss for back-end requirements"
"Ensieh Mollazadeh","2016-05-30 13:14:59 -0400","vapourware/html/portal.html"
"Ensieh Mollazadeh","2016-05-30 13:08:15 -0400","Add portal file"
"Anderszz","2016-05-30 12:38:46 -0400","Add files via upload"
"Ensieh Mollazadeh","2016-05-30 11:58:32 -0400","added a file to learn github"
"rmoro","2016-05-30 11:49:04 -0400","removed test file"
"rmoro","2016-05-30 11:48:31 -0400","Added file for tutorial"
"Kieran O'Driscoll","2016-05-30 11:45:28 -0400","add folder for organization"
"kcolletripp","2016-05-30 11:01:22 -0400","Added category page"
"kcolletripp","2016-05-30 10:35:27 -0400","adjusted header/footer loading"
"ryanmak","2016-05-30 01:06:54 -0400","Fixed Homepage Issue"
"Delia","2016-05-30 00:33:20 -0400","Add files via upload"
"Delia","2016-05-30 00:32:53 -0400","Add files via upload"
"Delia","2016-05-30 00:17:43 -0400","Extra folder deleted"
"kcolletripp","2016-05-30 00:02:27 -0400","added dynamic loading of header/footer"
"Vikrant Sharma","2016-05-29 23:56:04 -0400","fix issue #5"
"swar8080","2016-05-29 21:40:45 -0400","- Changed User/Article relationship so each user can have zero-many   articles - Added some preliminary permissions that user groups can have - Added unique index to email and article title - Added index to article title to speed up search"
"chan6240","2016-05-29 20:28:15 -0400","Add files via upload"
"chan6240","2016-05-29 20:27:35 -0400","Delete empty"
"chan6240","2016-05-29 20:27:18 -0400","Add files via upload"
"chan6240","2016-05-29 20:26:18 -0400","Create empty"
"romanlipisiy","2016-05-29 17:54:12 -0400","add search results page"
"kcolletripp","2016-05-29 16:37:13 -0400","added entry.html"
"kcolletripp","2016-05-29 16:31:44 -0400","updated homepage"
"kcolletripp","2016-05-29 16:03:27 -0400","added a few comments"
"kcolletripp","2016-05-29 15:48:12 -0400","added search bar"
"kcolletripp","2016-05-29 15:39:56 -0400","refactored a bit"
"ryanmak","2016-05-29 15:34:34 -0400","resources folder for pictures"
"ryanmak","2016-05-29 15:33:44 -0400","Add files via upload"
"kcolletripp","2016-05-29 15:14:08 -0400","added header/footer as imports"
"kcolletripp","2016-05-29 15:06:07 -0400","updated TODO"
"Delia","2016-05-29 14:51:25 -0400","Add files via upload"
"Delia","2016-05-29 14:49:08 -0400","Add files via upload"
"Delia","2016-05-29 14:48:44 -0400","Create login.html"
"romanlipisiy","2016-05-29 14:48:02 -0400","add nav bar and footer"
"romanlipisiy","2016-05-29 14:39:42 -0400","add comment section"
"kcolletripp","2016-05-29 14:23:18 -0400","header/footer WIP in index.html"
"kcolletripp","2016-05-29 13:27:06 -0400","Merge branch 'master' of https://github.com/UPOD-2016/UPOD"
"kcolletripp","2016-05-29 13:26:45 -0400","Updated TODO, started work on header/footer"
"romanlipisiy","2016-05-29 13:20:35 -0400","add about.html"
"kcolletripp","2016-05-29 13:08:10 -0400","Removed style.css"
"kcolletripp","2016-05-29 13:05:41 -0400","Updated TODO"
"kcolletripp","2016-05-29 12:59:00 -0400","Updated TODO"
"kcolletripp","2016-05-29 12:56:55 -0400","Added working TODO doc"
"kcolletripp","2016-05-29 12:52:48 -0400","Added bootstrap"
"kcolletripp","2016-05-29 12:51:05 -0400","Added file and structure for vapourware"
"Delia","2016-05-29 12:30:59 -0400","Add files via upload"
"Tom","2016-05-26 23:32:23 -0400","Second HLR update with Product Description"
"Tom","2016-05-26 22:49:04 -0400","Updated High Level Requirements on Web Design"
"Tom","2016-05-22 16:57:27 -0400","Added requirements - first draft"
"romanlipisiy","2016-05-19 12:38:53 -0400","update README.md"
"Robert Morouney","2016-05-06 12:06:08 -0400","Merge pull request #3 from mikeroher/patch-1"
"Mike Roher","2016-05-06 11:52:18 -0400","Editing README"
"KODrizzle","2016-05-04 15:35:33 -0400","Update Readme.md"
"Robert Morouney","2016-05-04 15:23:34 -0400","Merge pull request #2 from KODrizzle/development"
"KODrizzle","2016-05-03 22:46:33 -0400","Update README.md"
"Robert Morouney","2016-05-03 21:34:51 -0400","Update README.md"
"Robert Morouney","2016-05-03 14:00:36 -0400","Merge pull request #1 from WillDetlor/development"
"WillDetlor","2016-05-03 11:16:07 -0400","fix url"
"WillDetlor","2016-05-03 11:12:57 -0400","update readme"
"Robert Morouney","2016-05-02 13:45:29 -0400","Initial commit"